,0
0,0 days 00:00:00.104765
1,0 days 00:00:00.045002
2,0 days 00:00:00.045370
3,0 days 00:00:00.045083
4,0 days 00:00:00.056405
5,0 days 00:00:00.045116
6,0 days 00:00:00.046717
7,0 days 00:00:00.000297
8,0 days 00:00:00.045042
9,0 days 00:00:00.056336
10,0 days 00:00:00.045252
11,0 days 00:00:00.045084
12,0 days 00:00:00.045192
13,0 days 00:00:00.056431
14,0 days 00:00:00.045178
15,0 days 00:00:00.045185
16,0 days 00:00:00.045174
17,0 days 00:00:00.056687
18,0 days 00:00:00.056115
19,0 days 00:00:00.045183
20,0 days 00:00:00.045112
21,0 days 00:00:00.046733
22,0 days 00:00:00.045305
23,0 days 00:00:00.045170
24,0 days 00:00:00.045248
25,0 days 00:00:00.056333
26,0 days 00:00:00.045192
27,0 days 00:00:00.000313
28,0 days 00:00:00.044942
29,0 days 00:00:00.045327
30,0 days 00:00:00.045044
31,0 days 00:00:00.134217
32,0 days 00:00:00.045230
33,0 days 00:00:00.045120
34,0 days 00:00:00.045231
35,0 days 00:00:00.045249
36,0 days 00:00:00.046862
37,0 days 00:00:00.045194
38,0 days 00:00:00.045177
39,0 days 00:00:00.045064
40,0 days 00:00:00.045408
41,0 days 00:00:00.045139
42,0 days 00:00:00.045260
43,0 days 00:00:00.045179
44,0 days 00:00:00.000367
45,0 days 00:00:00.044781
46,0 days 00:00:00.003373
47,0 days 00:00:00.052937
48,0 days 00:00:00.045379
49,0 days 00:00:00.045266
50,0 days 00:00:00.053368
51,0 days 00:00:00.047741
52,0 days 00:00:00.046971
53,0 days 00:00:00.045337
54,0 days 00:00:00.056671
55,0 days 00:00:00.045088
56,0 days 00:00:00.045361
57,0 days 00:00:00.045160
58,0 days 00:00:00.450028
59,0 days 00:00:00.345623
60,0 days 00:00:00.045289
61,0 days 00:00:00.045310
62,0 days 00:00:00.056264
63,0 days 00:00:00.057851
64,0 days 00:00:00.045144
65,0 days 00:00:00.045157
66,0 days 00:00:00.045311
67,0 days 00:00:00.045157
68,0 days 00:00:00.045275
69,0 days 00:00:00.045189
70,0 days 00:00:00.045227
71,0 days 00:00:00.045238
72,0 days 00:00:00.045261
73,0 days 00:00:00.045089
74,0 days 00:00:00.056583
75,0 days 00:00:00.045344
76,0 days 00:00:00.045129
77,0 days 00:00:00.046764
78,0 days 00:00:00.045185
79,0 days 00:00:00.045244
80,0 days 00:00:00.045295
81,0 days 00:00:00.045201
82,0 days 00:00:00.044893
83,0 days 00:00:00.145520
84,0 days 00:00:00.045240
85,0 days 00:00:00.056285
86,0 days 00:00:00.045214
87,0 days 00:00:00.045291
88,0 days 00:00:00.045223
89,0 days 00:00:00.045167
90,0 days 00:00:00.045142
91,0 days 00:00:00.046879
92,0 days 00:00:00.000872
93,0 days 00:00:00.055429
94,0 days 00:00:00.045041
95,0 days 00:00:00.045376
96,0 days 00:00:00.045154
97,0 days 00:00:00.045319
98,0 days 00:00:00.056315
99,0 days 00:00:00.045166
100,0 days 00:00:00.045158
101,0 days 00:00:00.045331
102,0 days 00:00:00.045184
103,0 days 00:00:00.045105
104,0 days 00:00:00.045192
105,0 days 00:00:00.045308
106,0 days 00:00:00.045348
107,0 days 00:00:00.046608
108,0 days 00:00:00.045259
109,0 days 00:00:00.056223
110,0 days 00:00:00.045252
111,0 days 00:00:00.045427
112,0 days 00:00:00.045197
113,0 days 00:00:00.044989
114,0 days 00:00:00.045241
115,0 days 00:00:00.045379
116,0 days 00:00:00.145024
117,0 days 00:00:00.045195
118,0 days 00:00:00.045438
119,0 days 00:00:00.045255
120,0 days 00:00:00.045190
121,0 days 00:00:00.057706
122,0 days 00:00:00.045225
123,0 days 00:00:00.056373
124,0 days 00:00:00.045314
125,0 days 00:00:00.045288
126,0 days 00:00:00.045017
127,0 days 00:00:00.045498
128,0 days 00:00:00.044960
129,0 days 00:00:00.045264
130,0 days 00:00:00.045225
131,0 days 00:00:00.045105
132,0 days 00:00:00.056324
133,0 days 00:00:00.045255
134,0 days 00:00:00.056370
135,0 days 00:00:00.046625
136,0 days 00:00:00.045338
137,0 days 00:00:00.045282
138,0 days 00:00:00.045353
139,0 days 00:00:00.045067
140,0 days 00:00:00.045155
141,0 days 00:00:00.045150
142,0 days 00:00:00.045231
143,0 days 00:00:00.056470
144,0 days 00:00:00.045130
145,0 days 00:00:00.045094
146,0 days 00:00:00.045293
147,0 days 00:00:00.045386
148,0 days 00:00:00.145139
149,0 days 00:00:00.046825
150,0 days 00:00:00.045203
151,0 days 00:00:00.045132
152,0 days 00:00:00.045229
153,0 days 00:00:00.045130
154,0 days 00:00:00.045201
155,0 days 00:00:00.045201
156,0 days 00:00:00.045292
157,0 days 00:00:00.045277
158,0 days 00:00:00.045186
159,0 days 00:00:00.045120
160,0 days 00:00:00.045339
161,0 days 00:00:00.068080
162,0 days 00:00:00.047018
163,0 days 00:00:00.067898
164,0 days 00:00:00.045330
165,0 days 00:00:00.045443
166,0 days 00:00:00.056295
167,0 days 00:00:00.045236
168,0 days 00:00:00.045248
169,0 days 00:00:00.045265
170,0 days 00:00:00.045341
171,0 days 00:00:00.045065
172,0 days 00:00:00.045161
173,0 days 00:00:00.045278
174,0 days 00:00:00.045151
175,0 days 00:00:00.045352
176,0 days 00:00:00.046709
177,0 days 00:00:00.045184
178,0 days 00:00:00.000320
179,0 days 00:00:00.044948
180,0 days 00:00:00.145180
181,0 days 00:00:00.056305
182,0 days 00:00:00.045304
183,0 days 00:00:00.045140
184,0 days 00:00:00.045351
185,0 days 00:00:00.056341
186,0 days 00:00:00.045054
187,0 days 00:00:00.045292
188,0 days 00:00:00.045163
189,0 days 00:00:00.045204
190,0 days 00:00:00.067365
191,0 days 00:00:00.046890
192,0 days 00:00:00.045267
193,0 days 00:00:00.045197
194,0 days 00:00:00.045159
195,0 days 00:00:00.045193
196,0 days 00:00:00.045148
197,0 days 00:00:00.045202
198,0 days 00:00:00.045300
199,0 days 00:00:00.045209
200,0 days 00:00:00.045178
201,0 days 00:00:00.045218
202,0 days 00:00:00.045366
203,0 days 00:00:00.045147
204,0 days 00:00:00.045027
205,0 days 00:00:00.046897
206,0 days 00:00:00.045231
207,0 days 00:00:00.045281
208,0 days 00:00:00.045201
209,0 days 00:00:00.045149
210,0 days 00:00:00.045218
211,0 days 00:00:00.045324
212,0 days 00:00:00.145080
213,0 days 00:00:00.045204
214,0 days 00:00:00.056241
215,0 days 00:00:00.045212
216,0 days 00:00:00.067596
217,0 days 00:00:00.056489
218,0 days 00:00:00.045596
219,0 days 00:00:00.057561
220,0 days 00:00:00.045165
221,0 days 00:00:00.045259
222,0 days 00:00:00.000337
223,0 days 00:00:00.044909
224,0 days 00:00:00.045213
225,0 days 00:00:00.067680
226,0 days 00:00:00.067755
227,0 days 00:00:00.045278
228,0 days 00:00:00.078863
229,0 days 00:00:00.045041
230,0 days 00:00:00.045380
231,0 days 00:00:00.056348
232,0 days 00:00:00.045209
233,0 days 00:00:00.046456
234,0 days 00:00:00.045286
235,0 days 00:00:00.045201
236,0 days 00:00:00.067890
237,0 days 00:00:00.045109
238,0 days 00:00:00.045343
239,0 days 00:00:00.045721
240,0 days 00:00:00.044864
241,0 days 00:00:00.045202
242,0 days 00:00:00.134221
243,0 days 00:00:00.045226
244,0 days 00:00:00.045116
245,0 days 00:00:00.045131
246,0 days 00:00:00.045242
247,0 days 00:00:00.046734
248,0 days 00:00:00.045340
249,0 days 00:00:00.067488
250,0 days 00:00:00.045249
251,0 days 00:00:00.045129
252,0 days 00:00:00.045404
253,0 days 00:00:00.067727
254,0 days 00:00:00.045209
255,0 days 00:00:00.045492
256,0 days 00:00:00.067426
257,0 days 00:00:00.045311
258,0 days 00:00:00.045186
259,0 days 00:00:00.045187
260,0 days 00:00:00.046762
261,0 days 00:00:00.067613
262,0 days 00:00:00.045282
263,0 days 00:00:00.045220
264,0 days 00:00:00.045089
265,0 days 00:00:00.045282
266,0 days 00:00:00.067600
267,0 days 00:00:00.045143
268,0 days 00:00:00.045276
269,0 days 00:00:00.045396
270,0 days 00:00:00.056196
271,0 days 00:00:00.045272
272,0 days 00:00:00.156657
273,0 days 00:00:00.069156
274,0 days 00:00:00.045191
275,0 days 00:00:00.045242
276,0 days 00:00:00.045247
277,0 days 00:00:00.067221
278,0 days 00:00:00.045324
279,0 days 00:00:00.056448
280,0 days 00:00:00.067595
281,0 days 00:00:00.045354
282,0 days 00:00:00.067823
283,0 days 00:00:00.067829
284,0 days 00:00:00.045332
285,0 days 00:00:00.056298
286,0 days 00:00:00.046741
287,0 days 00:00:00.045207
288,0 days 00:00:00.045244
289,0 days 00:00:00.045224
290,0 days 00:00:00.067801
291,0 days 00:00:00.016656
292,0 days 00:00:00.039558
293,0 days 00:00:00.045116
294,0 days 00:00:00.045223
295,0 days 00:00:00.045161
296,0 days 00:00:00.045411
297,0 days 00:00:00.045310
298,0 days 00:00:00.045141
299,0 days 00:00:00.078766
300,0 days 00:00:00.045329
301,0 days 00:00:00.046566
302,0 days 00:00:00.134308
303,0 days 00:00:00.056410
304,0 days 00:00:00.045280
305,0 days 00:00:00.045138
306,0 days 00:00:00.045349
307,0 days 00:00:00.045188
308,0 days 00:00:00.045289
309,0 days 00:00:00.045120
310,0 days 00:00:00.045151
311,0 days 00:00:00.045243
312,0 days 00:00:00.067714
313,0 days 00:00:00.045313
314,0 days 00:00:00.046649
315,0 days 00:00:00.045201
316,0 days 00:00:00.067563
317,0 days 00:00:00.045307
318,0 days 00:00:00.045195
319,0 days 00:00:00.045139
320,0 days 00:00:00.045362
321,0 days 00:00:00.056221
322,0 days 00:00:00.069289
323,0 days 00:00:00.102659
324,0 days 00:00:00.103928
325,0 days 00:00:00.091174
326,0 days 00:00:00.045165
327,0 days 00:00:00.056186
328,0 days 00:00:00.045302
329,0 days 00:00:00.134325
330,0 days 00:00:00.045158
331,0 days 00:00:00.045253
332,0 days 00:00:00.045169
333,0 days 00:00:00.045169
334,0 days 00:00:00.046923
335,0 days 00:00:00.044888
336,0 days 00:00:00.045339
337,0 days 00:00:00.045368
338,0 days 00:00:00.067906
339,0 days 00:00:00.056228
340,0 days 00:00:00.045311
341,0 days 00:00:00.045121
342,0 days 00:00:00.044975
343,0 days 00:00:00.003426
344,0 days 00:00:00.041823
345,0 days 00:00:00.045276
346,0 days 00:00:00.045228
347,0 days 00:00:00.067864
348,0 days 00:00:00.046887
349,0 days 00:00:00.045142
350,0 days 00:00:00.045115
351,0 days 00:00:00.045264
352,0 days 00:00:00.045238
353,0 days 00:00:00.045306
354,0 days 00:00:00.045368
355,0 days 00:00:00.056131
356,0 days 00:00:00.045200
357,0 days 00:00:00.056409
358,0 days 00:00:00.045114
359,0 days 00:00:00.045258
360,0 days 00:00:00.045288
361,0 days 00:00:00.156570
362,0 days 00:00:00.057907
363,0 days 00:00:00.045219
364,0 days 00:00:00.067739
365,0 days 00:00:00.045136
366,0 days 00:00:00.045264
367,0 days 00:00:00.056206
368,0 days 00:00:00.045337
369,0 days 00:00:00.045159
370,0 days 00:00:00.045203
371,0 days 00:00:00.056320
372,0 days 00:00:00.045321
373,0 days 00:00:00.045183
374,0 days 00:00:00.045291
375,0 days 00:00:00.045052
376,0 days 00:00:00.046790
377,0 days 00:00:00.045236
378,0 days 00:00:00.056477
379,0 days 00:00:00.056295
380,0 days 00:00:00.045135
381,0 days 00:00:00.056067
382,0 days 00:00:00.004474
383,0 days 00:00:00.040939
384,0 days 00:00:00.067758
385,0 days 00:00:00.045077
386,0 days 00:00:00.045198
387,0 days 00:00:00.045387
388,0 days 00:00:00.045258
389,0 days 00:00:00.045230
390,0 days 00:00:00.069141
391,0 days 00:00:00.045312
392,0 days 00:00:00.156717
393,0 days 00:00:00.045179
394,0 days 00:00:00.056305
395,0 days 00:00:00.045225
396,0 days 00:00:00.045487
397,0 days 00:00:00.045101
398,0 days 00:00:00.045145
399,0 days 00:00:00.045170
400,0 days 00:00:00.045261
401,0 days 00:00:00.045280
402,0 days 00:00:00.067754
403,0 days 00:00:00.045239
404,0 days 00:00:00.046806
405,0 days 00:00:00.045105
406,0 days 00:00:00.067361
407,0 days 00:00:00.045205
408,0 days 00:00:00.056212
409,0 days 00:00:00.045467
410,0 days 00:00:00.045232
411,0 days 00:00:00.056353
412,0 days 00:00:00.045336
413,0 days 00:00:00.045156
414,0 days 00:00:00.045053
415,0 days 00:00:00.045070
416,0 days 00:00:00.045223
417,0 days 00:00:00.045538
418,0 days 00:00:00.046616
419,0 days 00:00:00.045226
420,0 days 00:00:00.091687
421,0 days 00:00:00.214312
422,0 days 00:00:00.091511
423,0 days 00:00:00.091951
424,0 days 00:00:00.045145
425,0 days 00:00:00.045121
426,0 days 00:00:00.045104
427,0 days 00:00:00.045410
428,0 days 00:00:00.056213
429,0 days 00:00:00.045248
430,0 days 00:00:00.045220
431,0 days 00:00:00.056364
432,0 days 00:00:00.045182
433,0 days 00:00:00.056353
434,0 days 00:00:00.045192
435,0 days 00:00:00.008293
436,0 days 00:00:00.048021
437,0 days 00:00:00.045036
438,0 days 00:00:00.045240
439,0 days 00:00:00.046657
440,0 days 00:00:00.045246
441,0 days 00:00:00.045227
442,0 days 00:00:00.000176
443,0 days 00:00:00.044989
444,0 days 00:00:00.045268
445,0 days 00:00:00.045289
446,0 days 00:00:00.045211
447,0 days 00:00:00.045231
448,0 days 00:00:00.045095
449,0 days 00:00:00.045342
450,0 days 00:00:00.045260
451,0 days 00:00:00.045119
452,0 days 00:00:00.134174
453,0 days 00:00:00.045339
454,0 days 00:00:00.046678
455,0 days 00:00:00.045337
456,0 days 00:00:00.000378
457,0 days 00:00:00.044952
458,0 days 00:00:00.045445
459,0 days 00:00:00.056350
460,0 days 00:00:00.045210
461,0 days 00:00:00.045314
462,0 days 00:00:00.045385
463,0 days 00:00:00.045078
464,0 days 00:00:00.045215
465,0 days 00:00:00.045278
466,0 days 00:00:00.067823
467,0 days 00:00:00.045116
468,0 days 00:00:00.046882
469,0 days 00:00:00.045144
470,0 days 00:00:00.045226
471,0 days 00:00:00.045297
472,0 days 00:00:00.044972
473,0 days 00:00:00.045310
474,0 days 00:00:00.045215
475,0 days 00:00:00.045204
476,0 days 00:00:00.056342
477,0 days 00:00:00.045335
478,0 days 00:00:00.045291
479,0 days 00:00:00.045215
480,0 days 00:00:00.045292
481,0 days 00:00:00.045040
482,0 days 00:00:00.046740
483,0 days 00:00:00.000350
484,0 days 00:00:00.044759
485,0 days 00:00:00.045277
486,0 days 00:00:00.134156
487,0 days 00:00:00.045255
488,0 days 00:00:00.067423
489,0 days 00:00:00.045154
490,0 days 00:00:00.045268
491,0 days 00:00:00.045251
492,0 days 00:00:00.045272
493,0 days 00:00:00.045269
494,0 days 00:00:00.000387
495,0 days 00:00:00.044955
496,0 days 00:00:00.045339
497,0 days 00:00:00.044886
498,0 days 00:00:00.001226
499,0 days 00:00:00.045665
500,0 days 00:00:00.045336
501,0 days 00:00:00.045115
502,0 days 00:00:00.045177
503,0 days 00:00:00.067815
504,0 days 00:00:00.045180
505,0 days 00:00:00.000477
506,0 days 00:00:00.044766
507,0 days 00:00:00.056259
508,0 days 00:00:00.045178
509,0 days 00:00:00.045386
510,0 days 00:00:00.045169
511,0 days 00:00:00.045250
512,0 days 00:00:00.045521
513,0 days 00:00:00.067399
514,0 days 00:00:00.046663
515,0 days 00:00:00.045146
516,0 days 00:00:00.045420
517,0 days 00:00:00.056208
518,0 days 00:00:00.045194
519,0 days 00:00:00.134142
520,0 days 00:00:00.045193
521,0 days 00:00:00.067696
522,0 days 00:00:00.045265
523,0 days 00:00:00.045108
524,0 days 00:00:00.045276
525,0 days 00:00:00.045213
526,0 days 00:00:00.067717
527,0 days 00:00:00.057805
528,0 days 00:00:00.045231
529,0 days 00:00:00.056384
530,0 days 00:00:00.045206
531,0 days 00:00:00.067636
532,0 days 00:00:00.067670
533,0 days 00:00:00.045147
534,0 days 00:00:00.045308
535,0 days 00:00:00.045185
536,0 days 00:00:00.045368
537,0 days 00:00:00.045232
538,0 days 00:00:00.067609
539,0 days 00:00:00.045363
540,0 days 00:00:00.045102
541,0 days 00:00:00.057948
542,0 days 00:00:00.000702
543,0 days 00:00:00.044446
544,0 days 00:00:00.045180
545,0 days 00:00:00.045185
546,0 days 00:00:00.045218
547,0 days 00:00:00.045228
548,0 days 00:00:00.078770
549,0 days 00:00:00.134265
550,0 days 00:00:00.045210
551,0 days 00:00:00.056459
552,0 days 00:00:00.045171
553,0 days 00:00:00.000474
554,0 days 00:00:00.044636
555,0 days 00:00:00.045226
556,0 days 00:00:00.047207
557,0 days 00:00:00.079845
558,0 days 00:00:00.092081
559,0 days 00:00:00.091164
560,0 days 00:00:00.050576
561,0 days 00:00:00.215759
562,0 days 00:00:00.045278
563,0 days 00:00:00.045256
564,0 days 00:00:00.045102
565,0 days 00:00:00.056425
566,0 days 00:00:00.078942
567,0 days 00:00:00.056283
568,0 days 00:00:00.046633
569,0 days 00:00:00.067777
570,0 days 00:00:00.045087
571,0 days 00:00:00.045266
572,0 days 00:00:00.045139
573,0 days 00:00:00.045361
574,0 days 00:00:00.045118
575,0 days 00:00:00.067623
576,0 days 00:00:00.045261
577,0 days 00:00:00.045193
578,0 days 00:00:00.134222
579,0 days 00:00:00.045090
580,0 days 00:00:00.045310
581,0 days 00:00:00.046721
582,0 days 00:00:00.067540
583,0 days 00:00:00.045358
584,0 days 00:00:00.045290
585,0 days 00:00:00.008959
586,0 days 00:00:00.047441
587,0 days 00:00:00.045163
588,0 days 00:00:00.045278
589,0 days 00:00:00.045171
590,0 days 00:00:00.067798
591,0 days 00:00:00.045485
592,0 days 00:00:00.056321
593,0 days 00:00:00.067510
594,0 days 00:00:00.045315
595,0 days 00:00:00.046790
596,0 days 00:00:00.045157
597,0 days 00:00:00.067620
598,0 days 00:00:00.078402
599,0 days 00:00:00.056462
600,0 days 00:00:00.045295
601,0 days 00:00:00.056612
602,0 days 00:00:00.045002
603,0 days 00:00:00.056291
604,0 days 00:00:00.045034
605,0 days 00:00:00.056564
606,0 days 00:00:00.056434
607,0 days 00:00:00.045247
608,0 days 00:00:00.134037
609,0 days 00:00:00.000607
610,0 days 00:00:00.046214
611,0 days 00:00:00.045242
612,0 days 00:00:00.078614
613,0 days 00:00:00.067588
614,0 days 00:00:00.056242
615,0 days 00:00:00.056494
616,0 days 00:00:00.045090
617,0 days 00:00:00.051898
618,0 days 00:00:00.061041
619,0 days 00:00:00.045515
620,0 days 00:00:00.000529
621,0 days 00:00:00.055225
622,0 days 00:00:00.079259
623,0 days 00:00:00.045285
624,0 days 00:00:00.046710
625,0 days 00:00:00.045250
626,0 days 00:00:00.045212
627,0 days 00:00:00.045295
628,0 days 00:00:00.045375
629,0 days 00:00:00.045082
630,0 days 00:00:00.045198
631,0 days 00:00:00.045284
632,0 days 00:00:00.045181
633,0 days 00:00:00.000492
634,0 days 00:00:00.078126
635,0 days 00:00:00.045282
636,0 days 00:00:00.045093
637,0 days 00:00:00.078808
638,0 days 00:00:00.046732
639,0 days 00:00:00.045265
640,0 days 00:00:00.045246
641,0 days 00:00:00.134108
642,0 days 00:00:00.045232
643,0 days 00:00:00.045215
644,0 days 00:00:00.045197
645,0 days 00:00:00.045335
646,0 days 00:00:00.045238
647,0 days 00:00:00.056455
648,0 days 00:00:00.044847
649,0 days 00:00:00.045304
650,0 days 00:00:00.045323
651,0 days 00:00:00.045128
652,0 days 00:00:00.045099
653,0 days 00:00:00.046799
654,0 days 00:00:00.045152
655,0 days 00:00:00.045318
656,0 days 00:00:00.060876
657,0 days 00:00:00.087772
658,0 days 00:00:00.045207
659,0 days 00:00:00.045293
660,0 days 00:00:00.045135
661,0 days 00:00:00.045310
662,0 days 00:00:00.056321
663,0 days 00:00:00.056320
664,0 days 00:00:00.045293
665,0 days 00:00:00.045217
666,0 days 00:00:00.045135
667,0 days 00:00:00.045252
668,0 days 00:00:00.045130
669,0 days 00:00:00.045209
670,0 days 00:00:00.045151
671,0 days 00:00:00.046869
672,0 days 00:00:00.045015
673,0 days 00:00:00.134466
674,0 days 00:00:00.056152
675,0 days 00:00:00.067702
676,0 days 00:00:00.045263
677,0 days 00:00:00.045170
678,0 days 00:00:00.067545
679,0 days 00:00:00.045176
680,0 days 00:00:00.045302
681,0 days 00:00:00.045109
682,0 days 00:00:00.045309
683,0 days 00:00:00.056309
684,0 days 00:00:00.045290
685,0 days 00:00:00.046690
686,0 days 00:00:00.045415
687,0 days 00:00:00.045139
688,0 days 00:00:00.045235
689,0 days 00:00:00.045140
690,0 days 00:00:00.045598
691,0 days 00:00:00.045131
692,0 days 00:00:00.045303
693,0 days 00:00:00.045148
694,0 days 00:00:00.045095
695,0 days 00:00:00.000300
696,0 days 00:00:00.067376
697,0 days 00:00:00.045201
698,0 days 00:00:00.056178
699,0 days 00:00:00.045218
700,0 days 00:00:00.046728
701,0 days 00:00:00.045243
702,0 days 00:00:00.045374
703,0 days 00:00:00.045142
704,0 days 00:00:00.134109
705,0 days 00:00:00.045155
706,0 days 00:00:00.045237
707,0 days 00:00:00.000215
708,0 days 00:00:00.044910
709,0 days 00:00:00.067867
710,0 days 00:00:00.045302
711,0 days 00:00:00.056318
712,0 days 00:00:00.045213
713,0 days 00:00:00.045162
714,0 days 00:00:00.045262
715,0 days 00:00:00.046747
716,0 days 00:00:00.067769
717,0 days 00:00:00.045318
718,0 days 00:00:00.045209
719,0 days 00:00:00.045372
720,0 days 00:00:00.045162
721,0 days 00:00:00.067457
722,0 days 00:00:00.045219
723,0 days 00:00:00.045281
724,0 days 00:00:00.045365
725,0 days 00:00:00.056167
726,0 days 00:00:00.056455
727,0 days 00:00:00.045082
728,0 days 00:00:00.046784
729,0 days 00:00:00.045246
730,0 days 00:00:00.045142
731,0 days 00:00:00.045391
732,0 days 00:00:00.045119
733,0 days 00:00:00.067843
734,0 days 00:00:00.045049
735,0 days 00:00:00.045448
736,0 days 00:00:00.133946
737,0 days 00:00:00.045274
738,0 days 00:00:00.000350
739,0 days 00:00:00.055910
740,0 days 00:00:00.045388
741,0 days 00:00:00.045220
742,0 days 00:00:00.012993
743,0 days 00:00:00.067608
744,0 days 00:00:00.056540
745,0 days 00:00:00.056424
746,0 days 00:00:00.045314
747,0 days 00:00:00.045293
748,0 days 00:00:00.044999
749,0 days 00:00:00.045356
750,0 days 00:00:00.045252
751,0 days 00:00:00.045094
752,0 days 00:00:00.045183
753,0 days 00:00:00.045229
754,0 days 00:00:00.045351
755,0 days 00:00:00.045133
756,0 days 00:00:00.045226
757,0 days 00:00:00.046708
758,0 days 00:00:00.045261
759,0 days 00:00:00.269873
760,0 days 00:00:00.446452
761,0 days 00:00:00.045155
762,0 days 00:00:00.056312
763,0 days 00:00:00.045243
764,0 days 00:00:00.045189
765,0 days 00:00:00.047040
766,0 days 00:00:00.044822
767,0 days 00:00:00.045347
768,0 days 00:00:00.045230
769,0 days 00:00:00.045198
770,0 days 00:00:00.045175
771,0 days 00:00:00.045156
772,0 days 00:00:00.045247
773,0 days 00:00:00.045344
774,0 days 00:00:00.045293
775,0 days 00:00:00.045077
776,0 days 00:00:00.045171
777,0 days 00:00:00.045258
778,0 days 00:00:00.045276
779,0 days 00:00:00.068909
780,0 days 00:00:00.056245
781,0 days 00:00:00.045250
782,0 days 00:00:00.045249
783,0 days 00:00:00.056445
784,0 days 00:00:00.045269
785,0 days 00:00:00.045010
786,0 days 00:00:00.045256
787,0 days 00:00:00.045281
788,0 days 00:00:00.045188
789,0 days 00:00:00.012057
790,0 days 00:00:00.044298
791,0 days 00:00:00.045163
792,0 days 00:00:00.045320
793,0 days 00:00:00.145089
794,0 days 00:00:00.046826
795,0 days 00:00:00.056461
796,0 days 00:00:00.045126
797,0 days 00:00:00.056476
798,0 days 00:00:00.045021
799,0 days 00:00:00.045246
800,0 days 00:00:00.002590
801,0 days 00:00:00.042618
802,0 days 00:00:00.045220
803,0 days 00:00:00.045153
804,0 days 00:00:00.045230
805,0 days 00:00:00.056414
806,0 days 00:00:00.056270
807,0 days 00:00:00.045175
808,0 days 00:00:00.045211
809,0 days 00:00:00.046757
810,0 days 00:00:00.045295
811,0 days 00:00:00.045373
812,0 days 00:00:00.055937
813,0 days 00:00:00.045425
814,0 days 00:00:00.045248
815,0 days 00:00:00.045329
816,0 days 00:00:00.056219
817,0 days 00:00:00.045142
818,0 days 00:00:00.045207
819,0 days 00:00:00.045210
820,0 days 00:00:00.045262
821,0 days 00:00:00.045189
822,0 days 00:00:00.000341
823,0 days 00:00:00.045034
824,0 days 00:00:00.045000
825,0 days 00:00:00.000360
826,0 days 00:00:00.057565
827,0 days 00:00:00.045418
828,0 days 00:00:00.133997
829,0 days 00:00:00.045236
830,0 days 00:00:00.056366
831,0 days 00:00:00.056184
832,0 days 00:00:00.045282
833,0 days 00:00:00.045180
834,0 days 00:00:00.045165
835,0 days 00:00:00.045214
836,0 days 00:00:00.045188
837,0 days 00:00:00.067593
838,0 days 00:00:00.045109
839,0 days 00:00:00.045257
840,0 days 00:00:00.046688
841,0 days 00:00:00.045248
842,0 days 00:00:00.045235
843,0 days 00:00:00.045297
844,0 days 00:00:00.045127
845,0 days 00:00:00.045150
846,0 days 00:00:00.056435
847,0 days 00:00:00.045257
848,0 days 00:00:00.045301
849,0 days 00:00:00.056101
850,0 days 00:00:00.045261
851,0 days 00:00:00.045264
852,0 days 00:00:00.045158
853,0 days 00:00:00.056348
854,0 days 00:00:00.046739
855,0 days 00:00:00.045310
856,0 days 00:00:00.045380
857,0 days 00:00:00.045583
858,0 days 00:00:00.055734
859,0 days 00:00:00.045182
860,0 days 00:00:00.145468
861,0 days 00:00:00.046444
862,0 days 00:00:00.074331
863,0 days 00:00:00.045346
864,0 days 00:00:00.045129
865,0 days 00:00:00.045189
866,0 days 00:00:00.000741
867,0 days 00:00:00.044592
868,0 days 00:00:00.056287
869,0 days 00:00:00.045259
870,0 days 00:00:00.045165
871,0 days 00:00:00.045078
872,0 days 00:00:00.045271
873,0 days 00:00:00.045278
874,0 days 00:00:00.045128
875,0 days 00:00:00.046845
876,0 days 00:00:00.045194
877,0 days 00:00:00.045122
878,0 days 00:00:00.045277
879,0 days 00:00:00.045242
880,0 days 00:00:00.045296
881,0 days 00:00:00.056178
882,0 days 00:00:00.045082
883,0 days 00:00:00.045190
884,0 days 00:00:00.045269
885,0 days 00:00:00.045290
886,0 days 00:00:00.045290
887,0 days 00:00:00.045331
888,0 days 00:00:00.045191
889,0 days 00:00:00.046706
890,0 days 00:00:00.045222
891,0 days 00:00:00.045305
892,0 days 00:00:00.133941
893,0 days 00:00:00.045199
894,0 days 00:00:00.045309
895,0 days 00:00:00.056365
896,0 days 00:00:00.045327
897,0 days 00:00:00.045142
898,0 days 00:00:00.045138
899,0 days 00:00:00.045307
900,0 days 00:00:00.045171
901,0 days 00:00:00.056279
902,0 days 00:00:00.045279
903,0 days 00:00:00.045259
904,0 days 00:00:00.046767
905,0 days 00:00:00.056284
906,0 days 00:00:00.045271
907,0 days 00:00:00.045267
908,0 days 00:00:00.017222
909,0 days 00:00:00.050063
910,0 days 00:00:00.045277
911,0 days 00:00:00.056183
912,0 days 00:00:00.045261
913,0 days 00:00:00.056405
914,0 days 00:00:00.045224
915,0 days 00:00:00.056320
916,0 days 00:00:00.045215
917,0 days 00:00:00.045269
918,0 days 00:00:00.045121
919,0 days 00:00:00.057926
920,0 days 00:00:00.045223
921,0 days 00:00:00.045263
922,0 days 00:00:00.045147
923,0 days 00:00:00.067524
924,0 days 00:00:00.045295
925,0 days 00:00:00.145119
926,0 days 00:00:00.007434
927,0 days 00:00:00.059870
928,0 days 00:00:00.045265
929,0 days 00:00:00.045219
930,0 days 00:00:00.045281
931,0 days 00:00:00.045351
932,0 days 00:00:00.044868
933,0 days 00:00:00.045168
934,0 days 00:00:00.046632
935,0 days 00:00:00.045438
936,0 days 00:00:00.045264
937,0 days 00:00:00.045167
938,0 days 00:00:00.045277
939,0 days 00:00:00.045165
940,0 days 00:00:00.045369
941,0 days 00:00:00.045142
942,0 days 00:00:00.045190
943,0 days 00:00:00.045237
944,0 days 00:00:00.045296
945,0 days 00:00:00.045170
946,0 days 00:00:00.056330
947,0 days 00:00:00.045252
948,0 days 00:00:00.046707
949,0 days 00:00:00.045234
950,0 days 00:00:00.045118
951,0 days 00:00:00.045295
952,0 days 00:00:00.045206
953,0 days 00:00:00.045135
954,0 days 00:00:00.045286
955,0 days 00:00:00.045246
956,0 days 00:00:00.056349
957,0 days 00:00:00.045158
958,0 days 00:00:00.134128
959,0 days 00:00:00.045116
960,0 days 00:00:00.045251
961,0 days 00:00:00.045256
962,0 days 00:00:00.045236
963,0 days 00:00:00.057859
964,0 days 00:00:00.056336
965,0 days 00:00:00.045236
966,0 days 00:00:00.045141
967,0 days 00:00:00.047998
968,0 days 00:00:00.067501
969,0 days 00:00:00.045221
970,0 days 00:00:00.045362
971,0 days 00:00:00.045162
972,0 days 00:00:00.045162
973,0 days 00:00:00.046770
974,0 days 00:00:00.045198
975,0 days 00:00:00.045339
976,0 days 00:00:00.045124
977,0 days 00:00:00.045160
978,0 days 00:00:00.045241
979,0 days 00:00:00.045305
980,0 days 00:00:00.056372
981,0 days 00:00:00.045065
982,0 days 00:00:00.045370
983,0 days 00:00:00.000525
984,0 days 00:00:00.055718
985,0 days 00:00:00.056241
986,0 days 00:00:00.056456
987,0 days 00:00:00.056188
988,0 days 00:00:00.045385
989,0 days 00:00:00.046864
990,0 days 00:00:00.045103
991,0 days 00:00:00.145039
992,0 days 00:00:00.045303
993,0 days 00:00:00.056285
994,0 days 00:00:00.045277
995,0 days 00:00:00.045336
996,0 days 00:00:00.056231
997,0 days 00:00:00.045247
998,0 days 00:00:00.045170
999,0 days 00:00:00.045264
